                  epoch,         train/box_loss,         train/cls_loss,         train/dfl_loss,   metrics/precision(B),      metrics/recall(B),       metrics/mAP50(B),    metrics/mAP50-95(B),           val/box_loss,           val/cls_loss,           val/dfl_loss,                 lr/pg0,                 lr/pg1,                 lr/pg2
                      1,                 2.1473,                   3.76,                 2.0859,                0.72072,                0.03408,                0.02285,                0.01029,                  2.473,                 4.7203,                 2.5633,               0.070017,              0.0033314,              0.0033314
                      2,                 2.0575,                 3.5562,                 2.0169,                0.90595,                0.06381,                0.07986,                0.04236,                 2.2349,                  3.904,                 2.3741,               0.038698,              0.0053451,              0.0053451
                      3,                 1.9654,                 3.3637,                 1.9431,                 0.7031,                0.10729,                0.10185,                0.05513,                 2.1939,                 3.7887,                 2.1667,              0.0060579,              0.0060388,              0.0060388
                      4,                 1.8715,                 3.2077,                 1.8711,                0.93061,                0.10895,                0.15619,                 0.0927,                 2.0543,                 3.4916,                   2.12,                0.00406,                0.00406,                0.00406
                      5,                 1.7809,                  3.045,                 1.8127,                0.40282,                 0.1969,                0.18981,                0.11946,                 1.9767,                  3.248,                 1.9966,                0.00208,                0.00208,                0.00208
